Term,TF-IDF,KS_p-value,Significant
signaling,245.33821254955663,0.09343429670505225,False
cell,229.97849042050643,1.1295250567473371e-23,True
protein,182.95324951998074,8.680738574105744e-17,True
binding,162.56382824305024,0.0034337137283570094,True
metabolic,147.92547574567345,1.132495630329196e-05,True
development,129.84961139510548,4.1336969344830005e-11,True
receptor,121.7544811428262,1.3814835541645778e-05,True
transport,116.20181863324277,0.05040124179289002,False
differentiation,100.77342331079187,1.4211698211264596e-12,True
complex,93.19728068595008,1.7726415715544948e-12,True
membrane,91.37570460551854,9.974464760295343e-07,True
by,81.07105138124044,5.706654484711088e-07,True
dna,79.86422176018601,3.034047351265926e-36,True
mediated,78.71307594877142,0.0037623441308289704,True
cellular,76.90539407721522,0.005441287599713798,True
acid,75.90171998932755,0.000598529936147903,True
metabolism,73.78170771968499,0.018322449110263178,True
biosynthetic,73.03808708247591,0.01506036090100227,True
activation,63.883223553984195,4.461755095424322e-08,True
morphogenesis,60.8781050525452,8.014218908346897e-06,True
catabolic,59.248670885395086,0.0021082068426142354,True
ion,58.90787171122749,5.034265241917644e-12,True
assembly,58.13834285421842,0.013016605390717365,True
organization,57.88297026285755,0.0006818863432621818,True
cycle,55.51808860478868,2.560080686524234e-26,True
muscle,54.71336659519186,1.7087740998826687e-12,True
kinase,53.00532757282071,0.8586114147456226,False
transmembrane,52.17598963810076,4.108498207253707e-06,True
transcription,51.61166608774866,6.666535506857849e-16,True
localization,45.95903025847514,7.758354483007178e-08,True
apoptotic,45.68896179838351,1.5827124227661407e-06,True
involved,44.19385250995563,0.0008179526686485156,True
rna,43.883640024990726,4.207066930654898e-43,True
production,42.38988386161891,2.244884356547152e-16,True
proliferation,42.23619888457206,4.195588430276744e-08,True
growth,40.339584111695636,5.011519380638482e-06,True
lipid,40.20217853627531,0.0015087279721620345,True
transporter,39.57263909784484,0.017870174336214534,True
stimulus,39.209927895438746,6.328520710101652e-08,True
beta,39.09545037040383,0.004388927899702758,True
migration,38.57488535747034,1.327982457263461e-14,True
dependent,38.45283204953191,5.379568194265945e-11,True
vesicle,38.08290735806993,4.275666148606226e-06,True
factor,37.540375174090336,0.12333116211803714,False
type,37.32796802608432,0.11633759029257226,False
immune,37.13488150971417,2.679839150420086e-18,True
calcium,34.9184666823032,1.0471869533673666e-06,True
system,33.77695044839915,4.8661481335025095e-08,True
nuclear,33.48520480590706,3.252245899979841e-08,True
interleukin,33.29187586910771,3.396220590013857e-07,True
mrna,33.27482648483933,9.352771283333327e-20,True
histone,31.734844820335304,4.87368200740915e-25,True
homeostasis,31.045496342393395,0.00021975575454913446,True
leukocyte,30.581437983183175,7.927558658687236e-23,True
mitochondrial,30.43238748107319,0.026373205147988566,True
adhesion,30.41983591014742,9.045318826450205e-17,True
cardiac,30.333681184086988,1.1766282322385755e-07,True
amino,30.321249900079657,0.001409495441220451,True
hormone,29.024398944831816,0.07212139051327433,False
stress,28.496132176838113,0.008692404140039103,True
processing,28.316103881239947,0.0024243381176897332,True
epithelial,28.279588878497115,0.02617324227251944,True
neuron,28.113805590650124,0.03668990138000874,True
nucleotide,27.969936934329542,0.17360985742961907,False
secretion,27.926397624254907,0.008011027547707739,True
channel,27.08539968419914,0.0010278606927117903,True
containing,26.860595259159126,0.20455230331506824,False
gtpase,26.400568374945664,1.96517508602117e-05,True
formation,26.369566684756506,0.2941644043733041,False
mitotic,26.35957258083799,4.731288199841885e-24,True
fatty,26.244220348379578,0.053810843938128794,False
plasma,25.752277056599418,0.07704851989026107,False
cancer,25.523707329691234,0.0013624484607831068,True
alpha,25.321001147359404,3.011598531596137e-06,True
golgi,24.888949877659126,2.3578280369921383e-09,True
chemotaxis,24.64043524007011,7.796639688093394e-11,True
signal,24.552409460853703,0.036595389205732014,True
actin,24.516932993086147,0.0059386344527661535,True
synthesis,24.424277838121874,0.14284591749398412,False
compound,24.395919782569017,0.013356096700088896,True
repair,24.029622116454107,8.01884110167715e-18,True
junction,23.815160684658483,1.555852481718978e-05,True
microtubule,23.059018834114898,9.65832577301948e-22,True
synaptic,22.737157375402674,0.0002582002753513986,True
wnt,22.087084615982455,0.028254432667439253,True
via,21.829944098201995,0.012362760976508524,True
transition,21.37768163023153,7.682438946380505e-06,True
insulin,21.18247694092352,0.0006366676776030572,True
modification,21.14282547710203,4.5945327704207515e-05,True
maintenance,21.107389141349103,8.753282963537663e-05,True
polymerase,21.035086264564022,4.5151000003314735e-14,True
transduction,20.93110772976479,0.32706465106621263,False
replication,20.43765102940303,2.541335497248008e-16,True
receptors,20.244713178676992,0.013625000552655711,True
viral,19.77444861502224,0.026004117927903383,True
peptide,19.720220753783785,0.002235203621368756,True
reticulum,19.66947421702166,9.505117407796731e-05,True
interferon,19.400890460055226,0.4500936257802038,False
phosphatase,19.2397139837447,3.577303955561693e-05,True
vitamin,19.23126198251418,0.14919053481586356,False
ubiquitin,19.21939291327295,8.058606010311599e-21,True
endothelial,19.18028667515712,1.1362684115967834e-08,True
chromosome,18.989917824532583,8.683762366496482e-22,True
carbohydrate,18.95554309018213,0.023360700014146193,True
intrinsic,18.867398511041337,0.025000704331154696,True
pathways,18.831187898571496,0.7418176799100135,False
cascade,18.827843221997185,0.004047027397218553,True
phosphatidylinositol,18.819199390984778,0.0009405722598506666,True
biosynthesis,18.797344545620152,0.4281365520010772,False
cytokine,18.794172299147593,6.7742675643550755e-06,True
embryonic,18.686970559607897,0.40043461699308475,False
phosphorylation,18.67698897795736,0.2523404596893944,False
like,18.647737486190373,0.449963363524658,False
expression,18.61629591785149,1.2383525012511318e-05,True
steroid,18.61312143279905,3.273521540948263e-05,True
peptidyl,18.511600958701685,0.0032597855497897036,True
endoplasmic,18.438582876848535,0.00020304912662375002,True
phase,18.121432207697573,8.170020298906644e-11,True
contraction,17.958204617815674,0.0017722275941225193,True
death,17.695021939871474,0.005091802007109129,True
inflammatory,17.516868216607158,1.4637010306219038e-09,True
proteins,17.500230262668666,0.00011224622606431592,True
neurotransmitter,17.463538019375616,0.00201803904717301,True
phosphate,17.26488636012587,3.381017755093657e-09,True
establishment,17.012245723376537,0.010162585572448693,True
signalling,16.94655128304732,0.5407868914492696,False
disease,16.804594854343215,0.25444015448255075,False
interactions,16.79458681711943,0.010267620486154245,True
translation,16.698809722512085,5.5567158076408054e-05,True
import,16.68542826203351,0.5626711390849247,False
maturation,16.583827108644613,0.38042392326541663,False
filament,16.538728923245372,0.015357102247720252,True
intracellular,16.485416741301876,0.0015608134438795734,True
immunity,16.287149344308183,1.4339057169936781e-08,True
family,16.167872205288283,0.656994543773145,False
projection,16.144215796646566,0.45717485085429804,False
granule,16.115430771120977,0.08686660867793619,False
heart,16.05660158258544,1.7940280673257498e-05,True
myeloid,15.961983294844725,4.7554020244110235e-06,True
body,15.927933244650555,0.0001952827193852132,True
or,15.923124039469249,0.004985567560991218,True
infection,15.918890199392614,0.3565381695682953,False
component,15.910816432532004,0.01945303837363868,True
lymphocyte,15.825912417382938,4.302742945188805e-10,True
spindle,15.774815531293315,3.046190889464291e-15,True
from,15.668304334603233,2.5559527385113208e-05,True
gene,15.552721039262835,0.0806569980159418,False
vascular,15.488673658518378,2.0082522329899327e-07,True
synapse,15.43570355600292,0.217312267624196,False
nucleoside,15.358708609283555,0.00011142704083140621,True
serine,15.303695881326341,0.4520554209955843,False
damage,15.193927883090964,0.00022386497490342198,True
nucleus,15.041410527443801,4.777771798086546e-07,True
methylation,15.020019651705445,3.333814401400751e-11,True
integrin,15.005091413531252,3.3245902130637094e-06,True
degradation,15.003455903318375,0.006847791748593752,True
smooth,14.94992594941311,0.000254673295259276,True
small,14.918998635548027,0.9503886149140512,False
initiation,14.879340355887948,9.695607327444835e-08,True
rrna,14.767668007729625,8.164065528265058e-06,True
antigen,14.72205024634238,5.2951259766959416e-09,True
behavior,14.66004304881193,0.22724496179480594,False
cytoskeleton,14.640872256156674,0.005661902064861658,True
tyrosine,14.604867785634466,0.014404716219028066,True
blood,14.595441056500379,0.00043497611528461096,True
regulator,14.54326319229443,0.6569119994211148,False
ii,14.392013913763616,0.00026512239685685935,True
gamma,14.37716695187446,0.057593037231787034,False
events,14.273628217731634,0.0016399440818349001,True
class,14.153572626338486,0.5027799759672137,False
oxygen,14.06062709364722,1.853376681151926e-05,True
elongation,14.013280744316065,2.7753625068411933e-07,True
cation,13.929962774251914,6.380940789075064e-06,True
oxidative,13.886880707654047,0.08826892997736976,False
telomere,13.886399861519886,5.585831894622039e-12,True
collagen,13.865167545272296,4.45965190744448e-19,True
organ,13.824767179480574,0.16049316272243525,False
ligand,13.807289342828305,0.16813264307689257,False
extracellular,13.712150928888743,6.508068375203551e-05,True
chain,13.645612629760793,0.25653147944473775,False
organelle,13.570583297255297,0.000890542145801084,True
tissue,13.518340058251777,2.680221545462311e-05,True
anion,13.514771679377187,0.30366226015729764,False
organic,13.442933571320259,0.018466270657029018,True
atp,13.431056337136258,0.4560497743366342,False
associated,13.402293754583855,0.16533008590765344,False
mapk,13.327208699835758,0.003606640368701586,True
matrix,13.3108727623177,1.8043659095617277e-09,True
potassium,13.290490497733465,0.0024233777977377613,True
threonine,13.253216264032275,0.12419028839920206,False
platelet,13.170748896506726,0.0001018277662075227,True
pyrimidine,13.111440470876675,0.049976617257717376,True
sodium,13.029721211660602,0.09513816062903721,False
strand,12.954319603699647,2.171673296822908e-14,True
stem,12.919399556885391,9.537786173836429e-08,True
oxidoreductase,12.868394825270247,0.0012838261061529535,True
p53,12.821512605030708,0.0002521283912024499,True
sensory,12.818516549391925,0.009511656084383228,True
macrophage,12.6907102790592,5.241123728500771e-06,True
cilium,12.679534501701147,0.0003988183069150676,True
glucose,12.595969642477606,0.00484854381247853,True
gland,12.575441859246789,0.1704654938840578,False
acting,12.428838636344285,0.418489054554546,False
acetylation,12.358549968010434,1.9274625251300765e-09,True
network,12.25439903543404,0.009891959532000318,True
sterol,12.214175049716776,0.042601494077271214,True
activated,12.196608378541697,0.6835429906571833,False
notch,12.189200209302273,0.012266884379513072,True
chemokine,12.040537790396213,4.1619278040100314e-09,True
syndrome,11.90850679256555,0.0142201563255098,True
cholesterol,11.897335175331921,0.06581287939469184,False
endosome,11.823912677711096,0.009435087212419676,True
autophagy,11.82190467997846,0.005280838897033701,True
cells,11.720109399271774,0.3200531788316107,False
lipoprotein,11.704328692759479,0.00046632999933908227,True
apoptosis,11.606365284231535,0.1832530373261868,False
subunit,11.575271021306692,0.07312156723724585,False
genes,11.52224897178196,0.0008799382306619053,True
bone,11.522096945595914,2.9580538059854913e-07,True
postsynaptic,11.481352098741327,0.04697738837872507,True
axon,11.446114484355528,0.01164831698791363,True
targeting,11.409957726217053,0.000128074824138665,True
biogenesis,11.272726573407914,0.03327572866003529,True
host,11.263568291560935,0.13911126404025007,False
into,11.172261143951314,0.41866441505176094,False
renal,11.168258241214115,0.00995983961756971,True
domain,11.152327584399826,0.9072891096183252,False
coupled,11.13374802217653,0.0005137530276803376,True
purine,11.126472307405683,0.08217114113849303,False
phospholipid,11.04183067715271,0.13696196638033006,False
potential,11.017116980220331,0.01741815682836062,True
structure,10.986893805815349,0.3536110452140886,False
chromatin,10.899398891625259,1.2905720350463613e-09,True
trna,10.873836917586578,0.0012645974709074269,True
dephosphorylation,10.84634628091589,0.00985362256498939,True
division,10.82393257362217,0.0005820239796097866,True
ligase,10.819502394566664,0.006624896147086842,True
gated,10.808878666918588,0.06559053785576242,False
mediator,10.7955200751385,0.252215492618825,False
cytoplasmic,10.769512832743699,6.967252551476074e-05,True
transcriptional,10.734135477791051,0.001992428422991531,True
endocytosis,10.732842143314283,0.8869155653519121,False
diseases,10.529698591294258,0.46564615377725743,False
glutamate,10.32351384215128,0.024225146840862775,True
release,10.307071542922639,0.5449981696948679,False
transmission,10.296140712028118,0.4458651236142106,False
toll,10.23740060005656,0.023898199341794827,True
dendritic,10.209838695048056,0.23463999875816552,False
mitochondrion,10.147820813412071,0.32810002603386984,False
checkpoint,10.127641714402417,7.385507838154093e-12,True
long,10.127162099126988,1.4057966074787248e-07,True
perception,10.054790267828679,0.0036079164938906793,True
g1,10.028504413473259,5.059672449399192e-07,True
through,10.002081243959324,0.29185017038209476,False
hydrolase,9.962511926822874,0.11315788400735749,False
lumen,9.897271251655944,0.007607305979777436,True
induced,9.87681635162254,0.03422409075993824,True
er,9.82102211049785,0.062064314879245665,False
regulates,9.818341516736488,0.0036360808098978565,True
amyloid,9.795389243433586,0.17984154017074505,False
recombination,9.78667397728377,8.12272216214153e-08,True
splicing,9.729506435184929,2.228557676664541e-05,True
sulfate,9.704066322710258,0.028971327416867386,True
region,9.672344061673044,0.008325370284676385,True
rho,9.66727377561689,0.0002614559499404266,True
defense,9.621885803100163,0.002798831858864788,True
epithelium,9.601806814827121,0.055100778194821266,False
canonical,9.588721385797461,0.02086674611179237,True
inhibitor,9.57286110725396,0.794813298068896,False
polymerization,9.57009569154177,0.0007043644911327684,True
mesenchymal,9.498196659115793,1.0106498955617116e-05,True
alcohol,9.457723031681525,0.010936496572658458,True
sphingolipid,9.40371678992059,0.0381559446973728,True
methyltransferase,9.32368737946647,5.9175060108699175e-05,True
transferase,9.296248549146751,5.985493063841799e-06,True
disassembly,9.292881935729808,0.004287532864185492,True
neural,9.249478997980102,0.5656679443973112,False
substrate,9.244689243826747,0.00025505838937579214,True
cytosolic,9.23017381583345,0.011842502111709325,True
striated,9.219192429848963,0.030361711433119477,True
sumoylation,9.144922411910901,0.00013553691835959005,True
end,9.143361803543927,3.4617948096552924e-05,True
tumor,9.10884554321481,0.0007459804720130934,True
endopeptidase,9.091970420629254,0.0015079650556810609,True
lysine,9.06859651321097,1.401815565553595e-07,True
recognition,9.041469991034088,0.9431004998497255,False
clathrin,9.034446328745057,0.2201804724785959,False
complement,9.014012925050928,0.0001768441408952246,True
g2,8.984981104485142,1.4924073078996138e-08,True
peptidase,8.95484343606274,7.89324912211827e-05,True
downstream,8.918234590105829,0.06401241478349387,False
nervous,8.834305142651818,0.006757854564703913,True
senescence,8.781495173694154,0.218902062829321,False
cysteine,8.772391901305658,0.16956657421614035,False
regulatory,8.74470269787406,0.5911778755811574,False
circadian,8.731346576705954,0.0010847189313638011,True
respiratory,8.71358874085194,5.890839003984567e-05,True
estrogen,8.707280965373814,0.216907380423832,False
phagocytosis,8.694449555952545,0.035075022685284285,True
recycling,8.68534999171081,0.0015784801789228361,True
detection,8.672499144155157,1.3917552342252142e-05,True
dendrite,8.665971161156131,0.043049857266316535,True
phospholipase,8.634480978150851,0.0006471424193124799,True
skeletal,8.552498937833702,0.18397829243093236,False
nf,8.530921359530163,0.24537769420252326,False
particle,8.510819547905614,0.035353165336086075,True
fibroblast,8.508089605467772,0.012602323005756443,True
metal,8.48098377293782,0.10014724105364418,False
amine,8.449022392643428,0.00020774874046466794,True
precursor,8.433704243042774,0.06401447260915152,False
exocytosis,8.431407193377154,0.4372931245095743,False
glial,8.39106514348741,0.016498468799477355,True
sulfur,8.36007690860801,0.4147236026466798,False
translational,8.290534886233884,0.0029438264522647526,True
proteasome,8.237530584828521,0.03697355782624689,True
ras,8.227056313368251,5.302184033464739e-13,True
nad,8.215614921238828,0.0019938013971935588,True
monophosphate,8.178910868389154,0.01502371956774696,True
linked,8.157865558580726,0.003410767620684866,True
meiotic,8.114903756342537,1.136443964661865e-06,True
specific,8.065739565207608,0.21105400900320825,False
tp53,8.04167375765891,4.156360946734134e-06,True
group,8.03376205557716,0.3714605678021686,False
iron,8.017430138978348,0.49586199800161496,False
specification,8.005684326834515,0.35606587939821477,False
virus,7.978524221297389,0.0346454507467764,True
triglyceride,7.93266840658595,0.007587833629850864,True
hiv,7.924041420367299,0.03738318645267432,True
fusion,7.922511997286319,0.2376690653761259,False
thyroid,7.876959876446052,0.09757061787838009,False
angiogenesis,7.871826226291716,0.0006704855609238761,True
glycosylation,7.854008572258121,0.1540640480548373,False
kappab,7.8486815278789495,0.20989699494708947,False
export,7.830750061562221,0.021907191222834,True
lyase,7.824905168008374,0.07846622280183531,False
hedgehog,7.807550408366376,0.4156804941218468,False
eye,7.805147973861986,0.5625419449798107,False
species,7.764340812726557,0.0015941188008033256,True
reactive,7.764340812726557,0.002536031726391074,True
ribosome,7.7483251815534455,0.13923899462628495,False
pattern,7.727857204543629,0.21820849503337453,False
mirna,7.710866556121435,0.30499599128665816,False
vacuole,7.707263823769089,0.0004304638854109323,True
site,7.664500908545309,0.0010488375602861117,True
lamellipodium,7.631146338754139,0.33530032756084904,False
coa,7.585090618494027,0.02197580362576716,True
extrinsic,7.584333632030318,0.029805138613033515,True
cyclase,7.560360288922193,0.0953180087519764,False
unfolded,7.553917028920349,8.481030416361503e-05,True
extension,7.513686517993047,0.6698451050413942,False
remodeling,7.500347827238878,6.609115807709291e-07,True
helper,7.447614101341608,0.011655228953493224,True
hypertrophy,7.4404845277379446,0.22703022496139405,False
presentation,7.421784835509432,0.00036055005101492764,True
tube,7.410275131701919,0.7536304717727712,False
activator,7.405141542712402,0.14906232653976195,False
excision,7.3826734173955035,5.7903004276121725e-05,True
retinoic,7.379052663368024,0.1661884546937118,False
based,7.378630544670205,0.626595118129372,False
mhc,7.3649611251518134,0.00044682794778837297,True
depolymerization,7.316397305132337,0.010537369614867963,True
chemical,7.316050240079486,0.3566656365703247,False
envelope,7.312482992706345,0.0030463050098616046,True
ribosomal,7.3044003036920175,0.005731131862220862,True
polarity,7.2231910895271145,0.3447536156802166,False
inorganic,7.150711750418021,0.216907380423832,False
regulated,7.129408699153673,0.22635603994919437,False
lung,7.110502214918254,0.9589830802870244,False
proteolysis,7.085682758022898,0.8640748920771025,False
h3,7.083463389734342,4.20620445382235e-06,True
generation,7.073984058135698,0.05888140892915705,False
coated,7.0730130004344804,0.7630178407081175,False
chaperone,7.068515217846969,0.06794764939426202,False
atpase,7.057989030573126,0.9802877708712867,False
non,7.050144236178155,0.0178370595026197,True
telomerase,7.038688915443342,4.3257450615079047e-05,True
fiber,7.032361632693545,0.07705512227956356,False
carcinoma,7.022704538394339,0.008845183970912121,True
acyltransferase,7.0,0.1776093121553868,False
keratinocyte,6.98938932947739,0.5368765161809722,False
osteoblast,6.988363303769476,0.006473200096978383,True
ribonucleoside,6.9512973041305095,0.006932027866609847,True
at,6.93199771996179,0.07609130819317572,False
cytochrome,6.928418731463503,0.2478337538290604,False
dehydrogenase,6.883146709232552,0.18802602976806598,False
interaction,6.865702765202496,0.028687442927985415,True
catenin,6.854724780581494,0.2510272710390401,False
regeneration,6.850400367650406,0.027908258600607753,True
bile,6.84232230402484,0.2233980663173788,False
sprouting,6.796477061915848,0.22176636336340871,False
molecular,6.774840176576791,0.022372983555410703,True
tcr,6.7446975061077765,2.152056861496921e-05,True
camp,6.738950376821773,0.2512649409983325,False
inner,6.727536893165104,0.15925503468737476,False
cyclic,6.725263131093329,0.22381698943628384,False
neutrophil,6.717092530746997,0.00038421852919828933,True
ecm,6.695481454116051,3.943890076928245e-07,True
fat,6.640255569214008,0.0001924490901334221,True
double,6.639204131064565,4.087532695088929e-07,True
glycan,6.636504882320036,0.0019285912750284138,True
spliceosome,6.625326045794351,1.161101316066182e-05,True
glycoprotein,6.621944048611387,0.28510352113101783,False
heat,6.602982945149984,0.4781276586059723,False
fgfr2,6.56698252661506,0.059427885536360456,False
killer,6.56618087403945,6.3173709499390735e-06,True
natural,6.56618087403945,6.3173709499390735e-06,True
mammary,6.565227885836202,0.030782737820313072,True
surface,6.515137661698105,0.06657576595273108,False
nucleobase,6.469483112004072,0.0072958333017735045,True
ciliary,6.46651256790808,0.01861303052304117,True
induction,6.463415754936468,0.6041605502951,False
kidney,6.456618304534144,0.030723703858887893,True
cytosol,6.4406916359155675,0.003126301224973835,True
effects,6.413918620130375,0.5030185087878372,False
tubulin,6.41251762560124,0.026961466771372546,True
permeability,6.385245377094963,0.5525043920521832,False
innate,6.368726526222989,0.05851880891751734,False
bmp,6.342275904113508,0.39576935756799314,False
humoral,6.318744294894368,0.00014895772214363622,True
developmental,6.317730692281332,0.034688366583402234,True
water,6.317220121151635,0.42404564017349755,False
ceramide,6.307860266588679,0.007491525912017587,True
commitment,6.2901825199014025,0.09295733760074908,False
erbb2,6.2855858926701105,2.0446267938002824e-07,True
cyclin,6.281900297794841,1.5268076448999582e-06,True
photoreceptor,6.2729583663498465,0.05187982249393221,False
ossification,6.26642729832621,0.0011601819482591035,True
molecule,6.237153099627833,0.00976135620954344,True
organism,6.232321517892396,0.003150703392463157,True
erbb,6.212822329137871,7.930231047698341e-11,True
vessel,6.17350362241562,0.005035451653986441,True
adaptor,6.1683384267519505,0.05683777934563551,False
glycosaminoglycan,6.1664529927551905,0.0029056635597779572,True
sperm,6.1585961225282855,0.8587842180194942,False
multicellular,6.112241323610727,0.025314415101916374,True
necrosis,6.095418453908457,0.00035242384837821613,True
ubiquitination,6.088504373129369,8.803331332307257e-10,True
proteoglycan,6.086549405647076,0.007374477641613414,True
acyl,6.073558050690373,0.05350942253395602,False
folding,6.050900018783751,0.0007904699640056451,True
active,6.03833625681581,0.1890315883228669,False
structural,6.020896632069579,0.1757571426970369,False
iii,6.0082571307564505,0.001910951940506952,True
molecules,6.00302482268561,0.0002983657438313405,True
map,5.9845085584926565,0.05667491091477143,False
acetyltransferase,5.982444810681645,4.862001431034334e-05,True
cargo,5.975098342736272,0.07626642193055422,False
ph,5.9660716545130565,0.07963077384815002,False
prostaglandin,5.956466760836333,0.036882594220227355,True
primary,5.946011431253605,0.014924137095219515,True
action,5.929386046031468,0.0005419524640239606,True
androgen,5.924848477620408,0.5663669608010264,False
break,5.899288374735538,3.0136495950692186e-08,True
late,5.870317795538921,0.040228732591074415,True
nitric,5.860075352871836,0.03753351912796967,True
oxide,5.860075352871836,0.0001465709500945216,True
pore,5.834512766729441,0.008831360915233911,True
carbon,5.822347588491017,0.031782859094521325,True
clearance,5.815884715682635,0.05890147353630875,False
pigment,5.814277025008153,0.4868597922041649,False
trafficking,5.813444179142019,0.207243225935321,False
cortex,5.809999594865532,0.006350739364911489,True
proton,5.808623259917319,0.24234867743568933,False
other,5.790048836379868,0.061043547758728244,False
snrnp,5.779096064800482,0.022905064074949466,True
symporter,5.767779743181051,0.014848174216539696,True
external,5.761886136451515,7.82909978557811e-06,True
donors,5.753146994160022,0.04271193151297036,True
pre,5.744830162386653,0.0029673276634186556,True
acids,5.736713066091968,0.009083987268756828,True
fate,5.717284082427279,0.003399142560235431,True
myoblast,5.711292581322624,0.016704198540244495,True
early,5.699769211904402,0.0038018793315027343,True
met,5.689555317298039,0.044469279253473215,True
cd4,5.677154307140708,0.011333230065614524,True
xenobiotic,5.676796891993145,0.05904126360355848,False
outer,5.669115870204897,0.08227363972428504,False
dynein,5.661896400903772,0.0032789574830474873,True
valve,5.65793948383143,0.04711822664588999,True
chondrocyte,5.610115688995637,0.02059515466222393,True
energy,5.609851911318747,0.2857858926081792,False
neuronal,5.60590889684953,0.22077556369808346,False
immunoglobulin,5.586616397667086,0.0033483687398060576,True
tubule,5.583386198248727,3.9198444787848436e-15,True
forebrain,5.56846953279574,0.13909448756268075,False
voltage,5.565453392049488,0.023347590962417033,True
hematopoietic,5.562648330390596,0.7642700966451185,False
deacetylation,5.55585660520132,0.6147807940107214,False
templated,5.548736092837077,1.5304771118887293e-06,True
il2,5.54387288302069,0.015194782334692932,True
base,5.54219479106706,0.2010082828478477,False
stat,5.535982478163682,0.016867301603526823,True
intermediate,5.519355300451313,0.05611704783870292,False
promoter,5.498943598433053,0.0003240305065326176,True
levels,5.45520493518977,0.11328479728175303,False
apical,5.454262556286814,0.16430571428793114,False
acute,5.451730029631942,0.002205198983200663,True
factors,5.436056354682757,0.0024424321007061366,True
spine,5.426666556225469,0.001961598341292675,True
adp,5.412442800081831,0.28675813452137455,False
vasculature,5.395936772797511,2.0808863207263262e-05,True
inositol,5.389010109659818,0.0018305351574014318,True
filopodium,5.38154890264986,0.09925801533623288,False
genome,5.374489180222533,0.003619017574200806,True
axis,5.3658399328866615,6.3511986750647866e-09,True
camera,5.349778339767681,0.7816869115502708,False
sars,5.341883509733812,0.32934552019010827,False
internalization,5.338683700544925,0.8418308776517701,False
across,5.337591381230075,0.17896011050865435,False
term,5.326509898095504,0.001308924037053936,True
an,5.324878136358247,0.00043490498912060715,True
triphosphate,5.308911663461432,0.0010647503070675352,True
proteasomal,5.286264015821514,7.890786868258158e-05,True
copper,5.258547461840702,0.47110458248393855,False
post,5.2442560256602215,0.032434466041253725,True
osteoclast,5.243455634394582,0.009651781236244779,True
gtpases,5.2262128736561255,0.07692096434658094,False
secondary,5.202505727468019,0.6563835765825878,False
ventricular,5.200684694615246,0.026216802497930774,True
zinc,5.1941833786904965,0.2149188593486749,False
related,5.172352794303334,0.032154358304308316,True
hippo,5.1680143599569375,0.22734697517897148,False
coagulation,5.167097959697967,0.00035110382782622414,True
layer,5.166312417687025,0.7444700173205636,False
radiation,5.162259504874959,0.02729292843582887,True
conduction,5.158463869623651,0.0561858620007937,False
pi3k,5.153332811111581,0.5800619807685975,False
healing,5.136973807228422,0.0018749851165348493,True
wound,5.136973807228422,5.5429931575202745e-06,True
smad,5.135645974638885,0.47506019587643195,False
transforming,5.10990867023436,0.006060367087419902,True
lysosome,5.095169183889392,0.21472758889029137,False
ketone,5.093745308068314,0.041166246824514564,True
mitochondria,5.088651455481864,0.034398354730442844,True
autophagosome,5.083135160702091,0.07638343538103926,False
core,5.0700400307071725,0.055709486707889125,False
segregation,5.06010010321581,1.1489803485149795e-06,True
glycerophospholipid,5.028316096430005,0.51973675958209,False
targets,5.02684507131761,0.014415016838001364,True
spliceosomal,5.022534269625766,0.01753338593755251,True
ephrin,5.019201720025102,0.40971109436369296,False
electron,5.016927768108775,6.503964459775546e-05,True
glutathione,5.003238350786587,0.1577663478528077,False
animal,5.000215723480501,0.003111168615200075,True
ear,4.996328116770533,0.0009350979678768983,True
peroxide,4.987012298044657,0.0026132443177029016,True
pressure,4.962907962947648,0.03727937854381364,True
dopamine,4.955071796739348,0.056153799033262605,False
during,4.9458106156424595,0.7926927028854186,False
12,4.938983735908236,0.008714949180371655,True
cytotoxicity,4.937341981209694,9.337128923661728e-06,True
as,4.887298054468621,3.3772185724990876e-05,True
bisphosphate,4.877967338521742,0.0396952136873343,True
rich,4.872241058645489,0.4221972260377814,False
sister,4.871372789682054,8.455149381000374e-09,True
chloride,4.859587552330522,0.020904717644465113,True
uv,4.857487590840172,0.1481497127146458,False
granulocyte,4.8567029101361054,0.0017200140033201289,True
mtor,4.851244147737168,0.0005262879168264962,True
coat,4.839425491598293,0.08444162460545017,False
oxidation,4.838905779046586,0.173158605928171,False
monocyte,4.830606410451346,0.0009046984788199375,True
fgfr1,4.82302232992928,0.05296075942068274,False
amide,4.809090658311326,0.3539431379271927,False
killing,4.797329439464412,0.000849369252926947,True
atm,4.791397253392079,0.0011170781684512944,True
activates,4.789781510967741,0.11815018691730303,False
channels,4.786747504172499,0.5739851608191684,False
hemopoiesis,4.785051503011963,0.14994742941322384,False
sarscov2,4.783731252999691,0.5196579592433056,False
substance,4.779401780927334,0.4307663348087029,False
syndecan,4.775595474100672,0.09226095961871139,False
wounding,4.773823021135799,0.002973375633856016,True
activate,4.769114887328702,0.26337670493154997,False
between,4.766206793370033,0.6442704326581615,False
cartilage,4.74512154742884,0.031095383814548183,True
endocytic,4.742953569201383,0.02581061105958306,True
bundle,4.740324148822762,0.7137760122316344,False
trans,4.735640664691597,4.088298572680442e-12,True
axonal,4.730946345099595,0.1980398766172704,False
modulation,4.729832659264439,0.34707939695213735,False
gpcrs,4.721341880253488,0.0015463864339443228,True
gap,4.710865789907974,0.7506892200914262,False
pten,4.698990069205322,0.07101602031808422,False
branching,4.698772058506517,0.18061319939331946,False
gaba,4.685454736471696,0.24960049733809378,False
motor,4.674998634676958,0.05831109810281318,False
polysaccharide,4.66253825869778,0.21489643012737075,False
s1p,4.646155853627,0.35613470320872237,False
catalytic,4.635336800974043,0.0022170200570723908,True
enzyme,4.631515319360695,0.011506908742173748,True
homologous,4.615891396037266,7.655596184474375e-08,True
derivative,4.614890897669384,0.41145349571384543,False
constituent,4.600212537145988,0.05073332576829779,False
17,4.5863484237780066,0.8303552268895706,False
bcr,4.585009016792573,0.4329340536263957,False
tor,4.578134017525068,0.00010966340665063708,True
hydrogen,4.576117947981596,0.022889473627396927,True
fc,4.573365804230474,0.034357433416956726,True
exchange,4.563788310360123,0.33975930412453753,False
focal,4.555200584716934,0.017457535443311967,True
anaphase,4.538436762851182,1.6928661799330738e-05,True
semaphorin,4.528183679170576,0.5718904093872409,False
male,4.51920242906936,0.7044223056333202,False
follicle,4.518900589432424,0.8213948026416132,False
antiporter,4.516157831231884,0.0058342448868466895,True
light,4.51074909211489,0.4757010595118942,False
p38,4.505522722703534,0.028897556912372408,True
reproductive,4.494084742244717,0.5075004626374434,False
nucleation,4.492372138643498,0.8104759623989055,False
snrna,4.488250450404687,0.00781743518648829,True
cytokinesis,4.486117343459512,3.26610333202215e-07,True
disorders,4.471829416151686,0.056771977568601695,False
biological,4.468376918943775,0.046492349139343254,True
repolarization,4.4676039076055725,0.0013146174274741242,True
monosaccharide,4.466913335074349,0.538614589988423,False
movement,4.466828051173481,0.5544336868653883,False
myc,4.459596039921274,0.035585519132740995,True
basal,4.459294811955347,0.296329022163143,False
hair,4.458024189516639,0.903795614039187,False
nitrogen,4.44740433084721,0.3915630478017873,False
presynaptic,4.426388781261249,0.6424727317174989,False
biotic,4.416831415893215,0.0005200196172416369,True
akt,4.399422455645249,0.2181192732432068,False
ruffle,4.396811482178659,0.45762355115142883,False
tract,4.376785134948774,7.201275454917358e-05,True
aging,4.366884981901281,0.4647822765862292,False
epidermis,4.358351461299961,0.4540306260613999,False
number,4.35736669098957,0.7455271240164154,False
placenta,4.337831200852954,0.07101185229194983,False
vacuolar,4.332641434308446,0.9799964732113928,False
female,4.3303901929871484,0.1393545936150878,False
nephron,4.322741717284755,0.0038090545233072496,True
cleavage,4.319751375508732,0.00024172436735521213,True
silencing,4.318514418642544,0.0035314606507061692,True
endocrine,4.306568483753193,0.6852467591810596,False
septum,4.295818444339238,0.15802979390961178,False
icosanoid,4.293172811482109,0.00011978397929916853,True
adaptive,4.284812372456973,5.319863453335446e-05,True
pancreatic,4.2812434457196415,0.9825497866302749,False
heterochromatin,4.268261624005487,0.008525314447842474,True
termination,4.2526038595184135,0.16913617539532486,False
chromatid,4.238914203607392,8.455149381000374e-09,True
transfer,4.2375432790917404,0.0002058501507210612,True
astrocyte,4.237022650342855,0.23317142072763897,False
peroxisome,4.23208768082699,0.2722472803232214,False
density,4.227489284022436,0.1403253385551387,False
derived,4.2268473051802795,0.5183645737137442,False
secretory,4.212768136570683,0.3086842038300994,False
adenylate,4.206374658295906,0.08701829978284852,False
side,4.202193523695385,0.02513874164844427,True
single,4.198604423708645,0.03748276494895599,True
glycogen,4.194700182332178,0.13970288247499954,False
pyruvate,4.178649553984631,0.013293053842534253,True
neuromuscular,4.176755039488036,0.6801726999094306,False
separation,4.167325624097688,0.00010247175459668223,True
digestive,4.155311115278777,0.0013657385276770954,True
proximal,4.153802556779786,0.6520837324839698,False
glycosphingolipid,4.149310810722368,0.5800374165388938,False
myosin,4.146597361625725,0.6286759174896305,False
starvation,4.138172179630259,0.09803093947247575,False
glucagon,4.134899368791656,0.26310789887286673,False
hydrolysis,4.131566693806244,0.021589406905635117,True
jnk,4.1296129560048715,0.4881298265501185,False
metaphase,4.1216242344952505,4.94168261523032e-06,True
entry,4.1201058514735776,0.5778145140436551,False
cov,4.114644767397927,0.27454282685777776,False
uptake,4.111803952487254,0.3081642697922432,False
apc,4.106194544389767,0.0010515110699051218,True
stabilization,4.0991364560932615,0.00700016063685411,True
ner,4.081750124983662,0.15944792080765277,False
mutants,4.081360282451321,0.01194609899588146,True
nadp,4.066939838899504,0.10301403784831367,False
retrograde,4.050983402489781,0.0029706654407400715,True
smad2,4.039645641721652,0.24234909657179438,False
ncrna,4.037332883662062,0.841010981466038,False
kit,4.036178369103541,0.28870549204021373,False
multivesicular,4.035336160202126,0.08788580462718146,False
deacetylase,4.0269506882774095,0.32512916805669007,False
nmda,4.019866741360165,0.11157573923287556,False
motile,4.018610732264794,0.052606015634602876,False
storage,4.016679354261525,0.03586234634263089,True
phosphoprotein,4.007284776422765,0.3051073951756304,False
epidermal,4.005457373398119,0.3819172144296718,False
macroautophagy,4.0,0.012787699276018064,True
hdac,4.0,0.1148624360970033,False
gliogenesis,4.0,0.16027392758566306,False
egfr,3.9947298941641085,0.0001775284849913405,True
deubiquitination,3.990529995720621,6.995250933662274e-06,True
axonogenesis,3.9802694565950767,0.5678253756044448,False
nfkb,3.9774742835691064,0.2940199496331725,False
transporters,3.9750275459368503,0.7233611245368458,False
oligodendrocyte,3.97169279179861,0.2869272934701701,False
decay,3.9616780915934235,0.02279281162899289,True
demethylation,3.947757934217792,0.02327968802486929,True
guidance,3.9284990437961858,0.18380673050139523,False
leukemia,3.9162539487763217,0.24999255572316573,False
kinetochore,3.9110561889166497,0.0005598486249016927,True
mononuclear,3.9059057309372136,0.0004057343268364413,True
deficiency,3.902673385086737,0.3309568584212,False
rab,3.9009237866455155,0.3597640059294679,False
glycosyl,3.8962050903936323,0.21705549024748033,False
compounds,3.892545880669782,0.09088596524538078,False
serotonin,3.8812795189620184,0.2853796734704591,False
ch,3.8735682394101203,0.13709050637259168,False
eicosanoid,3.873206034811007,0.0008874332364218347,True
flt3,3.8671089872553193,0.20967334929960593,False
tgf,3.822012727906739,0.20317173340235004,False
groups,3.8132863259318386,0.5414474349174655,False
caspase,3.8053415384538805,0.08425896270072417,False
hindbrain,3.804763773406681,0.39215462109068916,False
temperature,3.79692759245656,0.0034915250164866247,True
modified,3.7937977019262332,0.2758330706351831,False
sugar,3.788388087371168,0.21489206630307206,False
systemic,3.7835077659536305,0.023878897107731053,True
aggregation,3.7774762242754782,7.121995738664943e-05,True
meiosis,3.750456061933854,0.001038538157246475,True
monocarboxylic,3.747750116690619,0.05936676751554794,False
periphery,3.746863890722832,0.1196659600708507,False
lipase,3.7416033618313844,8.136186965417714e-05,True
2pathway,3.7373573073239905,0.2826399062001344,False
respiration,3.724968428898695,0.03659743406528368,True
activating,3.709928930944062,0.6055884456542739,False
erad,3.70434373851658,0.003300559903614932,True
fluid,3.7022551389569487,0.0649050561086355,False
capping,3.697005085781124,0.022485382430663118,True
second,3.686264273613808,0.2640789220794488,False
role,3.6838352302894326,0.8459121004027658,False
smoothened,3.675493531981483,0.14482296207927595,False
notch1,3.6754201679808287,0.14272635963694977,False
sex,3.6712927290354243,0.00010042031079380728,True
tight,3.6650617991816734,0.3378664233002737,False
il1,3.6643696918543713,0.13860409673326324,False
mast,3.6612755051098516,0.08600341081970654,False
retina,3.657245111116199,0.9311511891722153,False
nucleocytoplasmic,3.653427484461699,0.1388905639815875,False
glutamatergic,3.650138736999827,0.2809299931979924,False
exoribonuclease,3.6499229990184867,0.00909156238769902,True
nerve,3.649089783423894,0.48510587867744964,False
solute,3.6362454336486634,0.012929523567145497,True
location,3.6343669998551285,0.6384672765159322,False
motility,3.6294626960689342,0.9143505117737711,False
plus,3.619785662716812,0.10842083254976358,False
recruitment,3.617360485778821,0.2057148207227732,False
il6,3.59548049283429,0.34545806301196935,False
nucleosome,3.588605882220251,9.011721147186265e-05,True
microvillus,3.5695663408732643,0.5152704175389755,False
ribonucleoprotein,3.565454230478271,0.009787749092671908,True
peroxisomal,3.5590583737037313,0.06684861178486409,False
crest,3.5512987463469354,0.026649186761931475,True
megakaryocyte,3.5468652069578646,0.8898711727508457,False
nadh,3.5351248617059423,0.050340198227171215,False
depolarization,3.5292200045628457,0.13086511820085853,False
ester,3.5004019146336836,0.6261260893972472,False
large,3.4900828067563077,0.07826476286420042,False
constitutive,3.4877984230190977,0.07575237662058525,False
chondroitin,3.48729770371168,0.0003248021041532895,True
catabolism,3.4836701892102058,0.8679568856937375,False
exit,3.4833608640207188,0.0011998603943844937,True
neutral,3.482180137838327,0.19700787865898625,False
phosphatidylcholine,3.4684622270346437,0.47812769655870574,False
fgfr3,3.46798838112287,0.018565136081689186,True
nadplus,3.465284635961431,0.7041257924728578,False
calcineurin,3.445349620894671,0.2046533477203562,False
exonuclease,3.443854482936058,0.009704083846547003,True
erythrocyte,3.443470915474679,0.24583652636252695,False
glycerolipid,3.4411983094004652,0.4752721657458395,False
selection,3.432851112878481,0.05299968106739348,False
necrotic,3.4276146673806913,0.15721245986777488,False
neuropeptide,3.4260378186233864,0.3674268455966176,False
cofactors,3.422801381007344,0.10883689495560772,False
rac1,3.4184919097398607,0.6308110033505302,False
control,3.4169625846897413,0.3195464151397779,False
reg,3.414213562373095,1.0134678430012418e-24,True
gluconeogenesis,3.414213562373095,0.19832283854653537,False
glycolysis,3.414213562373095,0.13038830626740538,False
catecholamine,3.4119497643984285,0.17875638804985244,False
basement,3.4116412956102646,0.05866058413085369,False
e2f,3.402527937743235,9.77463583948456e-07,True
somatic,3.399511129160853,0.7979006849388925,False
autophosphorylation,3.3891912111671516,0.13477967068544522,False
utr,3.373255805910154,0.01041756435724566,True
p38mapk,3.3618870880297713,0.3394915000523975,False
kb,3.3533124663712153,0.027426750176814802,True
independent,3.3492986702847243,0.2633137710538581,False
translesion,3.3469087316819204,7.520667409834038e-05,True
foxo,3.3461294634434995,0.6312051414850732,False
dsrna,3.3424698689106878,0.09067669636745297,False
bonds,3.3406835996448843,0.44605840642823935,False
metanephric,3.3392398407584594,0.08561302244973827,False
endogenous,3.33864018925331,0.0613399264397999,False
overview,3.3361254887576393,0.9245607814549411,False
switching,3.329874946960819,0.2028554657494551,False
resolution,3.327954444881246,0.0003812444951637436,True
mechanical,3.323396795488224,0.05455791380902002,False
terminal,3.3189088186755216,0.10659061548737532,False
prostate,3.3173982725116677,0.3075813307063949,False
postsynapse,3.3171660690895015,0.7332077683405734,False
epigenetic,3.307585788612989,0.0003173505523414158,True
mineralization,3.283680678559959,9.710002777155227e-05,True
detoxification,3.278745922372686,0.0052811013595865045,True
cerebellar,3.26319622789045,0.06746619604001836,False
leading,3.2549467825035183,0.24978640814984515,False
thermogenesis,3.254237849986506,0.6834335619801473,False
cis,3.2454141596631496,2.1664866179674484e-08,True
abc,3.2431890799898726,0.2549209666363984,False
fission,3.2219031401748426,0.5528929678980533,False
stranded,3.2003705999669645,0.004973345531058514,True
macromolecule,3.198447246034912,0.13813702329407837,False
taste,3.187366338111294,0.41408221669466067,False
cardiomyopathy,3.1869355103200068,0.013295662251655765,True
destabilizes,3.1825605869514586,0.024271844074547057,True
degranulation,3.1704193939670926,0.10714982566185022,False
exogenous,3.164892730571261,0.11975703558938783,False
transcribed,3.162501991319934,0.006909274472046281,True
myelin,3.148240634079648,0.07304027543800279,False
excitatory,3.1476554117201734,0.08606830291552264,False
enzymes,3.1455623584063,0.7592094823994361,False
mismatch,3.1438551778388097,0.0005984307069904662,True
budding,3.1417753107390167,0.03420316395728593,True
determination,3.1413867274087153,0.4271686178038589,False
runx1,3.1412504833486645,0.06225934889962084,False
acceptor,3.116947414802269,0.38112738173379657,False
h4,3.1153342667892328,0.0758738540650515,False
dopaminergic,3.108812120930838,0.20209095714568204,False
center,3.093079803708124,4.264648947017661e-05,True
mesenchyme,3.090125915032048,0.00010198522830107688,True
oocyte,3.0885167241285187,0.29877479369634646,False
cluster,3.0838743719993107,0.2087258975861752,False
alk,3.0820687411787393,0.7643639282565159,False
programmed,3.06975074578182,0.02268633106161809,True
zone,3.0612882721246137,0.12672917138774953,False
adaptation,3.060061656488677,0.7290975044360338,False
cord,3.058391885708381,0.7276038733694519,False
spinal,3.058391885708381,0.7276038733694519,False
creb,3.0574885827013665,0.3293555563696244,False
hydroxy,3.052327264297936,0.39706084230758426,False
superoxide,3.0510809202957083,0.0035281848426587732,True
hcmv,3.0508824029714456,0.007128033572013243,True
lysosomal,3.048577174625227,0.42450387246968274,False
cytoskeletal,3.0469872918651815,0.14269912954810537,False
hepatocyte,3.04472768849295,0.8540300794904908,False
anchored,3.0408531192964485,0.24132255261864757,False
poly,3.0326892871192537,1.6112830471726867e-12,True
function,3.01706729055186,0.5668183535164035,False
dicarboxylic,3.0118785203913423,0.1325718655121324,False
bacterium,3.0097210888221797,0.008598786640113824,True
cd8,3.009289102191553,0.002628162379293636,True
salvage,3.007471965748766,0.20883609444000495,False
heme,3.006287879741558,0.6519427502597969,False
brain,3.001492335848861,0.024377129795646806,True
lymph,3.0014529116443396,6.533352188968038e-11,True
cone,2.9999961519301603,0.12124288019816362,False
size,2.9960089470688405,0.655513761633022,False
fgfr4,2.990023916869072,0.021856733093311227,True
tgfbeta,2.983921001457987,0.5797965906857375,False
purinergic,2.975670472374307,0.008132879707747141,True
origin,2.9738807189237337,0.10777828932320006,False
organophosphate,2.9691801726322087,0.6874465278714202,False
k9,2.964065082615672,0.001048662532114968,True
copi,2.960646070916417,0.0001250899031128093,True
cdc42,2.958809943229962,0.6824866268647201,False
copii,2.950962245347054,0.01080323343093436,True
sequence,2.9441596101542413,0.012919181809753934,True
tca,2.9412856159810126,0.02770731321544188,True
angiotensin,2.940287252121387,0.032399093007898325,True
jun,2.9304169187454456,3.004665166771915e-05,True
potentiation,2.926693717933494,0.07140565409216713,False
gpi,2.9215270847515225,0.1963504862468763,False
phosphomonoesters,2.9100140525457037,0.0006855227337829865,True
producing,2.9100140525457037,0.0006855227337829865,True
10,2.9072108169559874,0.0052811277532447435,True
k4,2.8876059032910204,0.00904986765082113,True
effector,2.883570592348383,0.04545301198753002,True
ovarian,2.8771370751173513,0.9952285660782965,False
progenitor,2.874214297662288,0.8086097093185499,False
heparan,2.867104913320542,0.29516060404094324,False
fibrin,2.8496110471640783,0.026931806872610754,True
tertiary,2.848680132037457,0.0100272082035822,True
myd88,2.847407137217447,0.6418357068776194,False
endosomal,2.841812619636897,0.2854952962953835,False
arterial,2.831203156505885,0.061650709977783824,False
sequestering,2.829070991292404,0.7628338920010874,False
repressor,2.828716594418161,0.11898869243495248,False
communication,2.82138612904486,0.31544792819331235,False
one,2.8022597297793337,0.039054970007664426,True
life,2.7994933002816755,1.3111415981490714e-07,True
condensed,2.7983951308737067,7.352959635927432e-05,True
efflux,2.7944653305175415,0.002032162066121029,True
oligosaccharide,2.780931061215038,0.6001892440962511,False
ampa,2.776555370415337,0.24856800879355326,False
gag,2.775594209733401,0.23065229280784455,False
pyridine,2.7730327008237934,0.06001255149534351,False
cortical,2.768840928313434,0.018481889127860595,True
superfamily,2.765878729819157,0.00041069234491748465,True
de,2.7600075968620543,0.175930157102251,False
ap,2.746156160142691,0.0005746119308593191,True
magnesium,2.741854656388383,0.0012799930548240013,True
cytoplasm,2.740820127925848,2.270734676836986e-06,True
soluble,2.7347176810089397,0.7050527320671214,False
mature,2.7339875526862216,0.010542392581071385,True
colorectal,2.7324942549813387,0.8702155780688074,False
therapyinduced,2.7248195444815297,0.6367896532582841,False
photodynamic,2.7248195444815297,0.6367896532582841,False
cross,2.7212849679202975,0.16664640111319678,False
salt,2.7144173731252716,0.15483693225857376,False
runx2,2.698358117372798,0.7199086817625194,False
anatomical,2.695505056060685,0.2217029170208547,False
noncanonical,2.6917102056487354,0.6586602627234571,False
glutamine,2.681659180858836,0.1463805936401579,False
cadherin,2.6779114440207157,0.003868881866220805,True
central,2.6752451652616505,0.23098955343576072,False
inhibition,2.669078527082759,0.10785002772470982,False
h2a,2.668161992007583,0.0015859140992977778,True
specialization,2.6601789977968036,0.3633022964074311,False
cranial,2.6601330609812486,0.122241055269718,False
antigenic,2.658027259116379,0.03289699618500877,True
transferring,2.6497480257524884,0.8497347697226302,False
mecp2,2.6474516027802704,0.11661221782963872,False
downregulation,2.6312999440034637,0.07858586993326447,False
organismal,2.625936934895571,0.2625747728277325,False
keratan,2.6224278386563724,0.15012407774515185,False
copy,2.6175740406270993,0.37094649604052643,False
variation,2.6175740406270993,0.37094649604052643,False
eukaryotic,2.616543819486913,0.1963504862468763,False
pain,2.615638990595103,0.3929388819286137,False
fceri,2.6112600918158737,0.8669623777625959,False
conjugation,2.609641115488814,0.6958703656623797,False
epsilon,2.5999683045746793,0.5565412666338955,False
sorting,2.5903704406716335,0.005238677011257418,True
right,2.5741129045032376,0.2753925080995426,False
frs,2.5685481870582425,0.23813043869909611,False
remodelling,2.5682193337692976,0.056625117005198636,False
cerebral,2.567003996474279,0.13776127206231123,False
gg,2.557657543733174,0.11285711716615798,False
endochondral,2.5502854871532747,0.01301106433705361,True
part,2.5400238874092818,0.10538180253902354,False
antimicrobial,2.537990409542906,0.001427540128151616,True
removal,2.5260705892165336,0.006484914989027753,True
low,2.52129667294458,0.02500997616884288,True
plasticity,2.5016366543717923,0.3901193056920364,False
ventral,2.4934289224063173,0.14933080663186152,False
ring,2.4919060810749913,0.21678161635055418,False
execution,2.48851873390607,0.5319824036842417,False
aspartate,2.4811488039720935,0.9464919148006262,False
notch3,2.474597719896807,0.026316249089991337,True
cascades,2.471794359600405,0.20082482043222563,False
symbiont,2.4504623235228165,0.23094698371776173,False
p450,2.4497256317310687,0.6152334188957569,False
defects,2.4494027821579074,0.03283148506533579,True
lineage,2.446093817091578,0.008151101279536471,True
nik,2.4431810168023773,0.2682491355885832,False
scf,2.4304440798649765,0.1475560317414627,False
jak,2.4183960024071536,0.3604300694969404,False
endocardial,2.398353448921315,0.009026540702838835,True
cushion,2.398353448921315,0.009026540702838835,True
synthase,2.38598955785445,0.1503228270246017,False
incision,2.3822286462222575,0.03316012125859066,True
electrical,2.348634926019113,0.4455638577993826,False
deadenylation,2.346608836745484,0.0023876271675867923,True
absence,2.3398636682650924,0.7544031655137953,False
k63,2.335576340561821,0.0014466375583577894,True
tcell,2.33546108855081,0.010915584673021402,True
cohesion,2.296288226665622,0.0003836229126260985,True
vitamins,2.294248376622057,0.4730280484509192,False
spreading,2.2558531631625844,0.0965947707582743,False
compartment,2.2392221968037878,0.08389153686612494,False
general,2.2340195262328173,0.06307371734434603,False
forming,2.2131395172453687,0.19350126221098846,False
intra,2.2128223950735126,7.557923381042599e-05,True
human,2.2078078638515364,0.21637881245274754,False
bond,2.204593392315493,0.22903266664025684,False
phosphodiester,2.204593392315493,0.5965049206442744,False
survival,2.203608660842787,0.6367896532582841,False
messenger,2.1977482032995685,0.11954663457136601,False
mitosis,2.158039089968646,0.0129829355941255,True
effect,2.1157732020875253,0.5433030331099717,False
insertion,2.108899815600608,0.23183328636031872,False
within,2.090901019371076,0.27919241813215706,False
tail,2.0212856848757834,0.5473685515916081,False
cct,2.0007030940501456,0.09689014459792863,False
tric,2.0007030940501456,0.5047433470238646,False
traffic,1.9663532333276603,0.0380344425211423,True
citric,1.9553121354591116,0.22255311306704062,False
sequestered,1.9137897698520012,0.08969224476792567,False
coupling,1.8898679069569868,0.4455638577993826,False
tak1,1.8826858382704592,0.11427818732125297,False
not,1.8672825152311314,0.03789040170172116,True
coronaviruses,1.8541422142638808,0.3219639467753809,False
hostpathogen,1.8541422142638808,0.3219639467753809,False
lengthening,1.8406098031728313,0.0024758783621525245,True
incorporation,1.8279429206627,0.2077808894258852,False
cdc20,1.8106432554449343,0.023820359833923235,True
salts,1.7771047790685208,0.2049117871546954,False
transcript,1.6658390284287554,2.9267972233761164e-17,True
reduction,1.6286615250542291,0.14416776534113934,False
but,1.543295467257575,0.31964678323035534,False
8s,1.4644168028715747,0.046799122224305365,True
lsu,1.4644168028715745,0.15426668838298555,False
ssu,1.4644168028715745,0.0009341103369980202,True
